13679,4.1160,6.3610,SLEEP
13739,4.1150,6.2570,SLEEP
13793,4.1143,6.2930,SLEEP
13849,4.1150,6.4370,SLEEP
13909,4.1156,6.2750,SLEEP
13969,4.1154,6.2190,SLEEP
14029,4.1141,6.3390,SLEEP
14083,4.1150,6.2860,SLEEP
14139,4.1152,6.2060,SLEEP
14193,4.1143,6.2370,SLEEP
14249,4.1156,6.2820,SLEEP
14309,4.1162,6.2330,SLEEP
14369,4.1148,6.2760,SLEEP
14429,4.1156,6.2220,SLEEP
14483,4.1158,6.2230,SLEEP
14539,4.1146,6.3140,SLEEP
14599,4.1152,6.2120,SLEEP
14653,4.1152,6.2110,SLEEP
14703,4.1141,6.1810,SLEEP
14753,4.1152,6.2050,SLEEP
14803,4.1156,6.2180,SLEEP
14853,4.1160,6.1510,SLEEP
14909,4.1145,6.3020,SLEEP
14963,4.1152,6.2660,SLEEP
15019,4.1152,6.1930,SLEEP
15079,4.1154,6.3560,SLEEP
15139,4.1146,6.2180,SLEEP
15193,4.1154,6.1970,SLEEP
15243,4.1154,6.1860,SLEEP
15299,4.1154,6.3130,SLEEP
15359,4.1154,6.1590,SLEEP
15419,4.1150,6.2580,SLEEP
15473,4.1154,6.2630,SLEEP
15529,4.1146,6.2420,SLEEP
15589,4.1154,6.3150,SLEEP
15649,4.1146,6.3700,SLEEP
15709,4.1150,6.2370,SLEEP
15763,4.1154,6.2480,SLEEP
15813,4.1162,6.2370,SLEEP
15869,4.1148,6.2630,SLEEP
15923,4.1162,6.2920,SLEEP
15979,4.1156,6.1810,SLEEP
16033,4.1156,6.1570,SLEEP
16083,4.1156,6.1940,SLEEP
16133,4.1148,6.2290,SLEEP
16189,4.1154,6.3170,SLEEP
16243,4.1154,6.2790,SLEEP
16293,4.1156,6.2890,SLEEP
16343,4.1154,6.3090,SLEEP
16400,4.0928,57.3790,HW_BOOT
16460,4.0895,65.2550,HW_BOOT
16520,4.0893,64.8910,HW_BOOT
16580,4.0891,65.0470,HW_BOOT
16640,4.0938,55.2110,HW_BOOT
16700,4.0924,55.4990,HW_BOOT
16760,4.0883,63.5800,HW_BOOT
16813,4.0885,63.6090,HW_BOOT
16870,4.0875,63.4510,HW_BOOT
16930,4.0861,63.8460,HW_BOOT
16990,4.0881,63.5360,HW_BOOT
17050,4.0893,62.7570,HW_BOOT
17110,4.0887,62.9720,HW_BOOT
17170,4.0820,74.6160,HW_BOOT
17230,4.0789,84.1690,HW_BOOT
17290,4.0791,84.2500,HW_BOOT
17350,4.0785,84.4910,HW_BOOT
17410,4.0793,84.3070,HW_BOOT
17470,4.0781,84.5470,HW_BOOT
17523,4.0777,84.5250,HW_BOOT
17580,4.0793,81.2100,HW_BOOT
17640,4.0859,65.1500,HW_BOOT
17700,4.0838,70.1710,HW_BOOT
17760,4.0932,49.8280,HW_BOOT
17813,4.0936,49.8300,HW_BOOT
17863,4.0930,49.8380,HW_BOOT
17913,4.0939,49.7530,HW_BOOT
17970,4.0943,49.6930,HW_BOOT
18023,4.0932,49.7090,HW_BOOT
18080,4.0934,49.9010,HW_BOOT
18140,4.0934,51.5880,HW_BOOT
18200,4.0875,64.3890,HW_BOOT
18260,4.0836,72.1280,HW_BOOT
18320,4.0830,74.7540,RECORD
18380,4.0797,82.5470,RECORD
18440,4.0900,57.4820,RECORD
18500,4.0928,51.3870,RECORD
18560,4.0900,58.1460,RECORD
18620,4.0930,51.5020,RECORD
18680,4.0922,56.1080,RECORD
18740,4.0904,55.7500,RECORD
18800,4.0912,58.3900,RECORD
18860,4.0914,58.1060,RECORD
18920,4.0912,53.4350,RECORD
18980,4.0920,54.2680,RECORD
19040,4.0924,51.3360,RECORD
19093,4.0936,51.2700,RECORD
19150,4.0900,57.1660,RECORD
19210,4.0896,58.0600,RECORD
19270,4.0926,51.5830,RECORD
19330,4.0934,51.3000,RECORD
19390,4.0936,51.6350,RECORD
19450,4.0928,51.3280,RECORD
19510,4.0916,55.1900,RECORD
19570,4.0918,55.1430,RECORD
19630,4.0906,58.8720,RECORD
19690,4.0898,57.6950,RECORD
19750,4.0922,54.8380,RECORD
19810,4.0916,55.0040,RECORD
19870,4.0928,51.2650,RECORD
19930,4.0900,57.8740,RECORD
19990,4.0934,51.3440,RECORD
20050,4.0895,59.1780,RECORD
20110,4.0902,56.9240,RECORD
20170,4.0934,51.4030,RECORD
20230,4.0904,57.4170,RECORD
20290,4.0926,51.2540,RECORD
20350,4.0934,51.6030,RECORD
20410,4.0922,54.7600,RECORD
20470,4.0941,51.4380,RECORD
20530,4.0898,57.3860,RECORD
20590,4.0916,53.4560,RECORD
20650,4.0904,54.5260,RECORD
20710,4.0902,51.4770,RECORD
20770,4.0936,51.9540,RECORD
20830,4.0924,51.2480,RECORD
20890,4.0803,81.7500,MFCC
20950,4.0816,76.7460,MFCC
21010,4.0801,80.4290,MFCC
21070,4.0805,80.5490,MFCC
21130,4.0799,80.2770,MFCC
21190,4.0803,80.5780,MFCC
21250,4.0785,80.1370,MFCC
21310,4.0797,79.8820,MFCC
21370,4.0793,80.4980,MFCC
21430,4.0826,73.8890,INFERENCE
21490,4.0760,90.2290,INFERENCE
21550,4.0752,90.5360,INFERENCE
21610,4.0785,81.5090,INFERENCE
21670,4.0783,81.1650,INFERENCE
21730,4.0795,81.3380,INFERENCE
21790,4.0797,81.6900,INFERENCE
21850,4.0777,81.3140,INFERENCE
21910,4.0779,81.5350,INFERENCE
21970,4.0785,81.3050,INFERENCE
22030,4.0781,81.4700,INFERENCE
22083,4.0785,81.5090,INFERENCE
22133,4.0781,81.4560,INFERENCE
22190,4.0783,81.3880,INFERENCE
22250,4.0781,81.3060,INFERENCE
22310,4.0789,80.8130,INFERENCE
22370,4.0789,80.8850,INFERENCE
22430,4.0781,81.1950,INFERENCE
22490,4.0793,81.4070,INFERENCE
22550,4.0756,86.1950,RESULT
22610,4.0787,82.4380,RESULT
22670,4.0869,62.9140,RESULT
22723,4.0867,62.8570,RESULT
22780,4.0926,51.7400,RESULT
22840,4.0912,51.5020,RESULT
22900,4.0920,51.6440,RESULT
22960,4.0910,51.5210,RESULT
23020,4.0924,51.7170,RESULT
23080,4.0918,51.5240,RESULT
23133,4.0928,51.5060,RESULT
23183,4.0920,51.4990,RESULT
23238,4.0930,51.6610,RESULT
23337,4.0934,51.4910,RESULT
23383,4.0928,51.5320,RESULT
23440,4.0928,51.7480,RESULT
23500,4.0934,51.2930,RESULT
23560,4.0936,51.5580,RESULT
23620,4.0932,51.3880,RESULT
23680,4.0926,51.4990,RESULT
23733,4.0930,51.4760,RESULT
23790,4.0920,51.3600,RESULT
23850,4.0928,51.4980,RESULT
23903,4.0926,51.5370,RESULT
23960,4.0930,51.6090,RESULT
24020,4.0920,51.4210,RESULT
24080,4.0936,51.6190,RESULT
24140,4.0922,51.3650,RESULT
24200,4.0934,51.5710,RESULT
24260,4.0928,51.3770,RESULT
24320,4.0936,51.5990,RESULT
24373,4.0926,51.5730,RESULT
24430,4.0930,51.5130,RESULT
24490,4.0930,51.6710,RESULT
24550,4.0932,51.4250,RESULT
24610,4.0928,51.7000,RESULT
24670,4.0928,51.3700,RESULT
24730,4.0930,51.6060,RESULT
24790,4.0932,51.3900,RESULT
24843,4.0941,51.4340,RESULT
24900,4.0934,51.4840,RESULT
24960,4.0932,51.3620,RESULT
25020,4.0938,51.5460,RESULT
25080,4.0930,51.4330,RESULT
25140,4.0934,51.5480,RESULT
25200,4.0934,51.3320,RESULT
25260,4.0928,51.6960,RESULT
25320,4.0930,51.4230,RESULT
25380,4.0932,51.5940,RESULT
25440,4.0930,51.3830,RESULT
25493,4.0926,51.4390,RESULT
25550,4.0926,51.5000,RESULT
25610,4.0932,51.4370,SHUTDOWN
25670,4.0859,69.0000,SHUTDOWN
25730,4.0932,51.4600,SHUTDOWN
25790,4.0934,51.7120,SHUTDOWN
25850,4.0928,51.4420,SHUTDOWN
25910,4.0932,51.5980,SHUTDOWN
25970,4.0918,51.4100,SHUTDOWN
26030,4.0934,51.5030,SHUTDOWN
26090,4.0932,51.6010,SHUTDOWN
26150,4.0930,51.3570,SHUTDOWN
26209,4.1127,6.4420,SLEEP
26269,4.1131,6.2780,SLEEP
26329,4.1135,6.2440,SLEEP
26383,4.1143,6.2190,SLEEP
26439,4.1135,6.2650,SLEEP
26493,4.1148,6.3210,SLEEP
26549,4.1137,6.2100,SLEEP
26609,4.1137,6.4250,SLEEP
26669,4.1137,6.2670,SLEEP
26729,4.1141,6.2190,SLEEP
26789,4.1154,6.3160,SLEEP
26843,4.1145,6.2580,SLEEP
26900,4.1102,14.4030,HW_BOOT
26960,4.0918,60.0400,HW_BOOT
27020,4.0875,66.5440,HW_BOOT
27073,4.0865,66.4760,HW_BOOT
27130,4.0877,66.0820,HW_BOOT
27190,4.0924,55.7920,HW_BOOT
27250,4.0918,55.8730,HW_BOOT
27310,4.0889,63.2060,HW_BOOT
27370,4.0883,63.0930,HW_BOOT
27430,4.0875,63.4730,HW_BOOT
27490,4.0875,63.2540,HW_BOOT
27550,4.0883,62.8830,HW_BOOT
27610,4.0885,62.6900,HW_BOOT
27670,4.0885,62.8830,HW_BOOT
27730,4.0787,84.3610,HW_BOOT
27790,4.0775,84.2530,HW_BOOT
27843,4.0779,84.3010,HW_BOOT
27900,4.0775,84.7580,HW_BOOT
27960,4.0777,84.6570,HW_BOOT
28013,4.0766,84.7350,HW_BOOT
28070,4.0777,84.8940,HW_BOOT
28130,4.0824,74.4350,HW_BOOT
28190,4.0830,69.7190,HW_BOOT
28250,4.0838,71.0280,HW_BOOT
28310,4.0920,49.9150,HW_BOOT
28363,4.0930,49.9010,HW_BOOT
28420,4.0924,49.9580,HW_BOOT
28473,4.0932,50.0390,HW_BOOT
28530,4.0934,49.9480,HW_BOOT
28590,4.0926,49.8280,HW_BOOT
28650,4.0930,49.8940,HW_BOOT
28710,4.0877,63.9410,HW_BOOT
28770,4.0809,81.1590,HW_BOOT
28830,4.0824,74.5270,HW_BOOT
28890,4.0848,66.4250,RECORD
28950,4.0904,56.3570,RECORD
29010,4.0916,52.0400,RECORD
29070,4.0902,56.5870,RECORD
29130,4.0926,51.6620,RECORD
29190,4.0924,51.7780,RECORD
29250,4.0916,51.3990,RECORD
29310,4.0896,56.8770,RECORD
29370,4.0914,57.0480,RECORD
29430,4.0918,53.1580,RECORD
29490,4.0914,51.4210,RECORD
29550,4.0926,51.8850,RECORD
29610,4.0918,51.6950,RECORD
29670,4.0938,51.5730,RECORD
29730,4.0936,51.8940,RECORD
29790,4.0895,58.3410,RECORD
29850,4.0924,52.0460,RECORD
29910,4.0902,57.6760,RECORD
29970,4.0893,58.9080,RECORD
30030,4.0936,51.4460,RECORD
30090,4.0926,51.6350,RECORD
30150,4.0924,51.7100,RECORD
30210,4.0916,55.8640,RECORD
30270,4.0906,56.7520,RECORD
30330,4.0898,57.6310,RECORD
30390,4.0900,59.1310,RECORD
30450,4.0920,51.5580,RECORD
30510,4.0908,54.3480,RECORD
30570,4.0932,51.4940,RECORD
30623,4.0936,51.4570,RECORD
30680,4.0898,56.8340,RECORD
30740,4.0908,58.5130,RECORD
30800,4.0928,51.5280,RECORD
30860,4.0932,51.3530,RECORD
30920,4.0934,52.0060,RECORD
30980,4.0922,51.4390,RECORD
31040,4.0916,55.4510,RECORD
31100,4.0908,55.8600,RECORD
31160,4.0906,59.2090,RECORD
31220,4.0887,57.8320,RECORD
31280,4.0910,54.8510,RECORD
31340,4.0908,55.2490,RECORD
31400,4.0793,81.9780,MFCC
31453,4.0801,82.0290,MFCC
31510,4.0855,66.4870,MFCC
31570,4.0795,80.7810,MFCC
31630,4.0811,79.6960,MFCC
31690,4.0797,80.5880,MFCC
31750,4.0793,80.3170,MFCC
31810,4.0797,80.5930,MFCC
31870,4.0795,80.5060,MFCC
31930,4.0795,80.5500,INFERENCE
31990,4.0783,82.8120,INFERENCE
32050,4.0742,90.3410,INFERENCE
32110,4.0740,91.6290,INFERENCE
32170,4.0777,81.7710,INFERENCE
32230,4.0791,81.4300,INFERENCE
32290,4.0783,81.7840,INFERENCE
32350,4.0783,81.2230,INFERENCE
32410,4.0787,81.5380,INFERENCE
32470,4.0779,81.8190,INFERENCE
32530,4.0787,81.5380,INFERENCE
32590,4.0756,87.5350,INFERENCE
32650,4.0775,81.7290,INFERENCE
32710,4.0787,81.5350,INFERENCE
32770,4.0785,81.2450,INFERENCE
32830,4.0777,81.1370,INFERENCE
32883,4.0789,81.0600,INFERENCE
32940,4.0777,81.5490,INFERENCE
32993,4.0791,81.4700,INFERENCE
33043,4.0779,81.5000,INFERENCE
33100,4.0846,81.2850,RESULT
33160,4.0912,51.9630,RESULT
33220,4.0900,51.6630,RESULT
33273,4.0916,51.6880,RESULT
33330,4.0914,51.5590,RESULT
33383,4.0916,51.6280,RESULT
33433,4.0920,51.6130,RESULT
33483,4.0930,51.6350,RESULT
33540,4.0908,51.6710,RESULT
33600,4.0918,51.5930,RESULT
33653,4.0914,51.5640,RESULT
33710,4.0926,51.5490,RESULT
33770,4.0926,51.8050,RESULT
33830,4.0930,51.5900,RESULT
33890,4.0920,51.6760,RESULT
33950,4.0930,51.6250,RESULT
34010,4.0920,51.8590,RESULT
34070,4.0926,51.6290,RESULT
34123,4.0930,51.6370,RESULT
34180,4.0922,51.5420,RESULT
34240,4.0924,51.6910,RESULT
34293,4.0928,51.6510,RESULT
34350,4.0926,51.6450,RESULT
34410,4.0918,51.6530,RESULT
34470,4.0926,51.5540,RESULT
34530,4.0932,51.8860,RESULT
34590,4.0930,51.7070,RESULT
34650,4.0926,51.9150,RESULT
34710,4.0916,51.5970,RESULT
34762,4.0926,51.6100,RESULT
34860,4.0936,51.5960,RESULT
34913,4.0924,51.6100,RESULT
34970,4.0928,51.8520,RESULT
35030,4.0928,51.7010,RESULT
35090,4.0932,51.6380,RESULT
35143,4.0939,51.6270,RESULT
35193,4.0928,51.5900,RESULT
35250,4.0939,51.4100,RESULT
35310,4.0922,51.5920,RESULT
35363,4.0918,51.6330,RESULT
35413,4.0930,51.6290,RESULT
35470,4.0928,51.5170,RESULT
35530,4.0926,51.5980,RESULT
35590,4.0924,51.9250,RESULT
35650,4.0928,51.5710,RESULT
35710,4.0920,51.7560,RESULT
35770,4.0918,51.5970,RESULT
35830,4.0932,51.7310,RESULT
35890,4.0924,51.5720,RESULT
35943,4.0934,51.6020,RESULT
36000,4.0936,51.4590,RESULT
36060,4.0920,51.6610,RESULT
36120,4.0928,51.6230,RESULT
36180,4.0836,73.4500,SHUTDOWN
36240,4.0926,51.9380,SHUTDOWN
36300,4.0928,51.6270,SHUTDOWN
36360,4.0920,51.9160,SHUTDOWN
36420,4.0936,51.5090,SHUTDOWN
36480,4.0926,51.7080,SHUTDOWN
36540,4.0922,51.5880,SHUTDOWN
36593,4.0922,51.6350,SHUTDOWN
36650,4.0928,51.8010,SHUTDOWN
36710,4.0924,52.8440,SHUTDOWN
36769,4.1129,6.3480,SLEEP
36829,4.1133,6.2280,SLEEP
36883,4.1137,6.2140,SLEEP
36933,4.1137,6.2480,SLEEP
36989,4.1137,6.2670,SLEEP
37049,4.1141,6.2310,SLEEP
37103,4.1139,6.1600,SLEEP
37153,4.1135,6.2120,SLEEP
37203,4.1143,6.2000,SLEEP
37259,4.1137,6.2580,SLEEP
37313,4.1143,6.2800,SLEEP
37369,4.1139,6.2390,SLEEP
37423,4.1146,6.2130,SLEEP
37479,4.1139,6.3530,SLEEP
37539,4.1146,6.2870,SLEEP
37593,4.1150,6.3160,SLEEP
37643,4.1143,6.3380,SLEEP
37699,4.1150,6.2030,SLEEP
37759,4.1148,6.2660,SLEEP
37820,4.0996,40.1040,HW_BOOT
37880,4.0898,62.3420,HW_BOOT
37940,4.0885,66.1440,HW_BOOT
38000,4.0873,66.5540,HW_BOOT
38060,4.0922,55.4340,HW_BOOT
38120,4.0922,56.0680,HW_BOOT
38180,4.0879,63.7790,HW_BOOT
38233,4.0883,63.7780,HW_BOOT
38290,4.0883,63.5930,HW_BOOT
38350,4.0879,63.4560,HW_BOOT
38410,4.0879,63.9100,HW_BOOT
38470,4.0869,62.8800,HW_BOOT
38530,4.0881,62.8360,HW_BOOT
38590,4.0896,57.6950,HW_BOOT
38650,4.0781,84.5680,HW_BOOT
38710,4.0779,84.5330,HW_BOOT
38770,4.0779,84.5680,HW_BOOT
38830,4.0785,84.8120,HW_BOOT
38883,4.0777,84.7910,HW_BOOT
38940,4.0754,90.5790,HW_BOOT
39000,4.0727,98.6120,HW_BOOT
39060,4.0838,69.5070,HW_BOOT
39120,4.0832,70.9370,HW_BOOT
39180,4.0922,50.1160,HW_BOOT
39240,4.0922,49.9830,HW_BOOT
39293,4.0924,49.9940,HW_BOOT
39350,4.0924,49.9010,HW_BOOT
39410,4.0926,50.1230,HW_BOOT
39470,4.0932,50.0360,HW_BOOT
39530,4.0932,50.2050,HW_BOOT
39590,4.0914,52.2720,HW_BOOT
39650,4.0842,71.8780,HW_BOOT
39710,4.0828,72.2900,HW_BOOT
39770,4.0857,68.6480,RECORD
39830,4.0850,69.3370,RECORD
39890,4.0926,51.6660,RECORD
39950,4.0885,56.6010,RECORD
40010,4.0906,55.4310,RECORD
40070,4.0918,53.8810,RECORD
40130,4.0902,56.9720,RECORD
40190,4.0922,52.0200,RECORD
40250,4.0904,53.7520,RECORD
40310,4.0926,51.8220,RECORD
40370,4.0928,57.0760,RECORD
40430,4.0906,58.8850,RECORD
40490,4.0895,56.5880,RECORD
40550,4.0910,58.1510,RECORD
40610,4.0939,51.9250,RECORD
40670,4.0928,51.7600,RECORD
40723,4.0926,51.7710,RECORD
40780,4.0898,57.7080,RECORD
40840,4.0910,55.8440,RECORD
40900,4.0904,53.4700,RECORD
40960,4.0924,51.5330,RECORD
41020,4.0918,51.8650,RECORD
41080,4.0932,51.4980,RECORD
41140,4.0936,52.0440,RECORD
41200,4.0912,57.3240,RECORD
41260,4.0904,59.4880,RECORD
41320,4.0896,57.1720,RECORD
41380,4.0900,59.1650,RECORD
41440,4.0924,51.7130,RECORD
41500,4.0932,51.5370,RECORD
41560,4.0918,52.1860,RECORD
41620,4.0922,51.4550,RECORD
41680,4.0908,54.4420,RECORD
41740,4.0908,54.4630,RECORD
41800,4.0898,59.5060,RECORD
41860,4.0922,51.5770,RECORD
41920,4.0906,56.5660,RECORD
41980,4.0924,51.7650,RECORD
42040,4.0932,51.4470,RECORD
42100,4.0893,57.9710,RECORD
42160,4.0914,51.5450,RECORD
42220,4.0896,58.9240,RECORD
42280,4.0863,65.2850,MFCC
42340,4.0799,82.0090,MFCC
42400,4.0855,66.8000,MFCC
42460,4.0799,80.2810,MFCC
42520,4.0797,80.8020,MFCC
42580,4.0797,80.1880,MFCC
42640,4.0797,81.2280,MFCC
42700,4.0793,80.7480,MFCC
42760,4.0797,80.3930,MFCC
42820,4.0791,81.1000,INFERENCE
42880,4.0783,83.1100,INFERENCE
42940,4.0744,90.4620,INFERENCE
42993,4.0750,90.4910,INFERENCE
43050,4.0787,81.7530,INFERENCE
43110,4.0779,81.4880,INFERENCE
43170,4.0762,87.4750,INFERENCE
43230,4.0773,81.8820,INFERENCE
43290,4.0791,81.5310,INFERENCE
43350,4.0781,81.5940,INFERENCE
43410,4.0791,81.7110,INFERENCE
43463,4.0781,81.7480,INFERENCE
43513,4.0783,81.6720,INFERENCE
43570,4.0779,81.4790,INFERENCE
43623,4.0787,81.4990,INFERENCE
43680,4.0787,81.3320,INFERENCE
43740,4.0781,81.0530,INFERENCE
43800,4.0787,81.2350,INFERENCE
43860,4.0789,81.5590,INFERENCE
43920,4.0789,81.2380,INFERENCE
43980,4.0768,85.3160,RESULT
44040,4.0789,82.6360,RESULT
44100,4.0863,62.8520,RESULT
44160,4.0861,62.7290,RESULT
44220,4.0895,56.3130,RESULT
44280,4.0916,51.6570,RESULT
44340,4.0918,51.8720,RESULT
44400,4.0920,51.6450,RESULT
44460,4.0916,51.7500,RESULT
44513,4.0916,51.7740,RESULT
44563,4.0922,51.7880,RESULT
44620,4.0924,51.6260,RESULT
44680,4.0928,51.7600,RESULT
44733,4.0920,51.8000,RESULT
44790,4.0928,51.7190,RESULT
44850,4.0922,51.7730,RESULT
44910,4.0930,51.6680,RESULT
44970,4.0926,52.1070,RESULT
45030,4.0924,51.7820,RESULT
45083,4.0922,51.7530,RESULT
45140,4.0939,51.6090,RESULT
45200,4.0924,51.7770,RESULT
45260,4.0926,51.7210,RESULT
45320,4.0936,51.6410,RESULT
45373,4.0928,51.6450,RESULT
45423,4.0922,51.5520,RESULT
45480,4.0930,51.7190,RESULT
45540,4.0928,51.6020,RESULT
45600,4.0930,51.9990,RESULT
45660,4.0916,51.7380,RESULT
45720,4.0928,51.8170,RESULT
45780,4.0928,51.6500,RESULT
45833,4.0932,51.7220,RESULT
45890,4.0918,51.5970,RESULT
45950,4.0936,51.6800,RESULT
46010,4.0924,51.5630,RESULT
46070,4.0928,51.5220,RESULT
46130,4.0924,51.7110,RESULT
46190,4.0926,51.6400,RESULT
46248,4.0932,51.8800,RESULT
46347,4.0922,51.5320,RESULT
46400,4.0922,51.5820,RESULT
46460,4.0926,51.9460,RESULT
46520,4.0914,51.6760,RESULT
46580,4.0932,51.9210,RESULT
46640,4.0928,51.6270,RESULT
46693,4.0930,51.6060,RESULT
46750,4.0936,51.6760,RESULT
46810,4.0928,51.5160,RESULT
46870,4.0924,51.7390,RESULT
46930,4.0924,51.5500,RESULT
46990,4.0908,51.7900,RESULT
47050,4.0908,55.8130,SHUTDOWN
47110,4.0811,77.0310,SHUTDOWN
47170,4.0926,51.5540,SHUTDOWN
47230,4.0928,51.9090,SHUTDOWN
47290,4.0932,51.5470,SHUTDOWN
47350,4.0930,51.5550,SHUTDOWN
47410,4.0932,51.7830,SHUTDOWN
47470,4.0924,51.5590,SHUTDOWN
47530,4.0928,51.8070,SHUTDOWN
47590,4.0916,51.6020,SHUTDOWN
47649,4.1117,6.1840,SLEEP
47709,4.1123,6.1080,SLEEP
47769,4.1125,6.2520,SLEEP
47829,4.1133,6.2150,SLEEP
47889,4.1135,6.2910,SLEEP
47950,4.1051,27.7450,HW_BOOT
48010,4.0895,60.4900,HW_BOOT
48070,4.0863,66.7420,HW_BOOT
48123,4.0871,66.7090,HW_BOOT
48180,4.0906,60.1430,HW_BOOT
48240,4.0908,56.1540,HW_BOOT
48300,4.0887,59.0340,HW_BOOT
48360,4.0879,63.4080,HW_BOOT
48420,4.0869,63.9880,HW_BOOT
48480,4.0887,63.7180,HW_BOOT
48540,4.0881,63.6010,HW_BOOT
48600,4.0871,62.7720,HW_BOOT
48653,4.0867,62.7920,HW_BOOT
48710,4.0875,62.9300,HW_BOOT
48770,4.0781,84.5070,HW_BOOT
48830,4.0775,84.6420,HW_BOOT
48890,4.0779,84.5380,HW_BOOT
48950,4.0770,84.6120,HW_BOOT
49010,4.0775,84.9840,HW_BOOT
49070,4.0760,89.4890,HW_BOOT
49130,4.0775,85.0070,HW_BOOT
49190,4.0848,67.1460,HW_BOOT
49250,4.0840,69.9380,HW_BOOT
49310,4.0914,50.3670,HW_BOOT
49370,4.0916,50.0910,HW_BOOT
49430,4.0934,50.1590,HW_BOOT
49490,4.0928,50.0480,HW_BOOT
49550,4.0928,50.1100,HW_BOOT
49610,4.0928,50.2750,HW_BOOT
49670,4.0936,50.1790,HW_BOOT
49730,4.0906,55.6430,HW_BOOT
49790,4.0824,64.6660,HW_BOOT
49850,4.0830,71.4780,HW_BOOT
49910,4.0820,74.6880,RECORD
49970,4.0871,62.6410,RECORD
50030,4.0893,56.7690,RECORD
50090,4.0902,58.4980,RECORD
50150,4.0893,56.8650,RECORD
50203,4.0893,56.8780,RECORD
50260,4.0904,55.9510,RECORD
50320,4.0912,56.8630,RECORD
50380,4.0887,57.8500,RECORD
50440,4.0889,57.2520,RECORD
50500,4.0920,54.8280,RECORD
50560,4.0908,52.6230,RECORD
50620,4.0922,51.7280,RECORD
50680,4.0922,51.9860,RECORD
50740,4.0932,51.6280,RECORD
50800,4.0934,52.1560,RECORD
50860,4.0906,57.9870,RECORD
50920,4.0902,58.3990,RECORD
50980,4.0898,57.7620,RECORD
51040,4.0895,51.7680,RECORD
51100,4.0932,51.9360,RECORD
51160,4.0920,55.8860,RECORD
51220,4.0926,52.1940,RECORD
51280,4.0896,57.7500,RECORD
51340,4.0910,56.1400,RECORD
51400,4.0920,53.8080,RECORD
51460,4.0904,60.1820,RECORD
51520,4.0912,51.7090,RECORD
51580,4.0904,55.1590,RECORD
51640,4.0920,52.0230,RECORD
51700,4.0924,51.7190,RECORD
51760,4.0885,57.8920,RECORD
51820,4.0924,51.7560,RECORD
51880,4.0898,59.1310,RECORD
51940,4.0924,51.6580,RECORD
52000,4.0918,51.6410,RECORD
52060,4.0930,51.6520,RECORD
52120,4.0932,51.5940,RECORD
52180,4.0914,54.6820,RECORD
52240,4.0902,54.9420,RECORD
52300,4.0898,58.7670,RECORD
52360,4.0902,57.8710,RECORD
52413,4.0906,57.8540,MFCC
52470,4.0793,82.0500,MFCC
52530,4.0809,77.3620,MFCC
52590,4.0801,80.8290,MFCC
52650,4.0795,80.9810,MFCC
52710,4.0803,80.8690,MFCC
52770,4.0795,80.3330,MFCC
52830,4.0797,80.8890,MFCC
52890,4.0795,80.3350,MFCC
52950,4.0795,80.7210,MFCC
53010,4.0822,74.0000,INFERENCE
53070,4.0744,90.4250,INFERENCE
53130,4.0744,90.6770,INFERENCE
53190,4.0785,81.7290,INFERENCE
53243,4.0793,81.6720,INFERENCE
53293,4.0781,81.7400,INFERENCE
53350,4.0783,81.9360,INFERENCE
53410,4.0785,81.5760,INFERENCE
53470,4.0777,81.7180,INFERENCE
53530,4.0783,81.8690,INFERENCE
53590,4.0777,81.8000,INFERENCE
53650,4.0779,81.9090,INFERENCE
53710,4.0779,81.6880,INFERENCE
53763,4.0770,81.7420,INFERENCE
53820,4.0781,81.5740,INFERENCE
53880,4.0781,81.3220,INFERENCE
53940,4.0775,81.1290,INFERENCE
54000,4.0787,81.5680,INFERENCE
54053,4.0785,81.5910,INFERENCE
54110,4.0775,81.4550,INFERENCE
54170,4.0842,67.4410,RESULT
54230,4.0865,62.9590,RESULT
54290,4.0877,62.8130,RESULT
54350,4.0867,62.3610,RESULT
54410,4.0912,52.0100,RESULT
54470,4.0910,51.6670,RESULT
54530,4.0922,52.2470,RESULT
54590,4.0920,51.7580,RESULT
54650,4.0918,51.8810,RESULT
54703,4.0932,51.8980,RESULT
54753,4.0922,51.9330,RESULT
54810,4.0926,51.7730,RESULT
54870,4.0922,51.9430,RESULT
54930,4.0924,51.8070,RESULT
54983,4.0916,51.8130,RESULT
55040,4.0928,51.9090,RESULT
55100,4.0922,51.7500,RESULT
55153,4.0924,51.8340,RESULT
55210,4.0922,51.7410,RESULT
55270,4.0922,52.1110,RESULT
55330,4.0916,51.7960,RESULT
55390,4.0928,52.0480,RESULT
55450,4.0920,51.7080,RESULT
55510,4.0926,51.9860,RESULT
55570,4.0924,51.8790,RESULT
55630,4.0926,51.7310,RESULT
55690,4.0928,52.0710,RESULT
55750,4.0924,51.7790,RESULT
55810,4.0924,51.9530,RESULT
55870,4.0928,51.8560,RESULT
55923,4.0928,51.8960,RESULT
55980,4.0918,51.7470,RESULT
56040,4.0932,51.7530,RESULT
56093,4.0918,51.7860,RESULT
56150,4.0918,51.7050,RESULT
56210,4.0912,51.6240,RESULT
56270,4.0918,51.6660,RESULT
56330,4.0930,51.9590,RESULT
56390,4.0926,51.7940,RESULT
56450,4.0918,51.9260,RESULT
56510,4.0930,51.8220,RESULT
56570,4.0914,51.8550,RESULT
56630,4.0932,51.7950,RESULT
56683,4.0922,51.7570,RESULT
56740,4.0924,51.7260,RESULT
56793,4.0924,51.7230,RESULT
56850,4.0922,51.8050,RESULT
56910,4.0916,51.7310,RESULT
56970,4.0926,52.0070,RESULT
57030,4.0926,51.6490,RESULT
57090,4.0930,52.0780,RESULT
57150,4.0916,51.7210,RESULT
57210,4.0871,66.3780,SHUTDOWN
57270,4.0918,51.7570,SHUTDOWN
57323,4.0922,51.7950,SHUTDOWN
57380,4.0924,51.7060,SHUTDOWN
57433,4.0926,51.6880,SHUTDOWN
57490,4.0922,51.8670,SHUTDOWN
57550,4.0928,51.6860,SHUTDOWN
57610,4.0928,51.8600,SHUTDOWN
57670,4.0926,51.6370,SHUTDOWN
57730,4.0918,51.9970,SHUTDOWN
57789,4.1121,6.2480,SLEEP
57842,4.1127,6.2220,SLEEP
57946,4.1133,6.1470,SLEEP
57999,4.1139,6.2570,SLEEP
58059,4.1137,6.2050,SLEEP
58113,4.1139,6.1680,SLEEP
58163,4.1146,6.2350,SLEEP
58213,4.1135,6.2460,SLEEP
58269,4.1131,6.3230,SLEEP
58329,4.1150,6.1230,SLEEP
